{
    "$schema": "http://schema.management.azure.com/schemas/2015-01-01/deploymentTemplate.json#",
    "contentVersion": "1.0.0.0",
    "parameters": {
        "factoryName": {
            "type": "string",
            "metadata": "Data Factory name",
            "defaultValue": "adfstudylearning01"
        }
    },
    "variables": {
        "factoryId": "[concat('Microsoft.DataFactory/factories/', parameters('factoryName'))]"
    },
    "resources": [
        {
            "name": "[concat(parameters('factoryName'), '/DS_foreach')]",
            "type": "Microsoft.DataFactory/factories/datasets",
            "apiVersion": "2018-06-01",
            "properties": {
                "linkedServiceName": {
                    "referenceName": "ls_vvstorage01",
                    "type": "LinkedServiceReference"
                },
                "parameters": {
                    "FileName": {
                        "type": "string"
                    }
                },
                "annotations": [],
                "type": "DelimitedText",
                "typeProperties": {
                    "location": {
                        "type": "AzureBlobStorageLocation",
                        "fileName": {
                            "value": "@dataset().FileName",
                            "type": "Expression"
                        },
                        "container": "destination"
                    },
                    "columnDelimiter": ",",
                    "escapeChar": "\\",
                    "firstRowAsHeader": true,
                    "quoteChar": "\""
                },
                "schema": [
                    {
                        "name": "name",
                        "type": "String"
                    },
                    {
                        "name": "surname",
                        "type": "String"
                    },
                    {
                        "name": "dob",
                        "type": "String"
                    },
                    {
                        "name": "gender",
                        "type": "String"
                    },
                    {
                        "name": "Salary",
                        "type": "String"
                    },
                    {
                        "name": "country",
                        "type": "String"
                    }
                ]
            },
            "dependsOn": []
        },
        {
            "name": "[concat(parameters('factoryName'), '/DS_sink_storage')]",
            "type": "Microsoft.DataFactory/factories/datasets",
            "apiVersion": "2018-06-01",
            "properties": {
                "linkedServiceName": {
                    "referenceName": "ls_vvstorage01",
                    "type": "LinkedServiceReference"
                },
                "annotations": [],
                "type": "DelimitedText",
                "typeProperties": {
                    "location": {
                        "type": "AzureBlobStorageLocation",
                        "container": "destination"
                    },
                    "columnDelimiter": ",",
                    "escapeChar": "\\",
                    "firstRowAsHeader": true,
                    "quoteChar": "\""
                },
                "schema": [
                    {
                        "name": "name",
                        "type": "String"
                    },
                    {
                        "name": "surname",
                        "type": "String"
                    },
                    {
                        "name": "dob",
                        "type": "String"
                    },
                    {
                        "name": "gender",
                        "type": "String"
                    },
                    {
                        "name": "Salary",
                        "type": "String"
                    },
                    {
                        "name": "country",
                        "type": "String"
                    }
                ]
            },
            "dependsOn": []
        },
        {
            "name": "[concat(parameters('factoryName'), '/DS_source_file')]",
            "type": "Microsoft.DataFactory/factories/datasets",
            "apiVersion": "2018-06-01",
            "properties": {
                "linkedServiceName": {
                    "referenceName": "ls_vvstorage01",
                    "type": "LinkedServiceReference"
                },
                "annotations": [],
                "type": "DelimitedText",
                "typeProperties": {
                    "location": {
                        "type": "AzureBlobStorageLocation",
                        "container": "source"
                    },
                    "columnDelimiter": ",",
                    "escapeChar": "\\",
                    "firstRowAsHeader": true,
                    "quoteChar": "\""
                },
                "schema": [
                    {
                        "name": "Age",
                        "type": "String"
                    },
                    {
                        "name": "Sex",
                        "type": "String"
                    },
                    {
                        "name": "BP",
                        "type": "String"
                    },
                    {
                        "name": "Cholesterol",
                        "type": "String"
                    },
                    {
                        "name": "Na_to_K",
                        "type": "String"
                    },
                    {
                        "name": "Drug",
                        "type": "String"
                    }
                ]
            },
            "dependsOn": []
        },
        {
            "name": "[concat(parameters('factoryName'), '/DS_sqlserver')]",
            "type": "Microsoft.DataFactory/factories/datasets",
            "apiVersion": "2018-06-01",
            "properties": {
                "linkedServiceName": {
                    "referenceName": "ls_SqlServer01",
                    "type": "LinkedServiceReference"
                },
                "annotations": [],
                "type": "SqlServerTable",
                "schema": [
                    {
                        "name": "ProductID",
                        "type": "int",
                        "precision": 10
                    },
                    {
                        "name": "Name",
                        "type": "nvarchar"
                    },
                    {
                        "name": "ProductNumber",
                        "type": "nvarchar"
                    },
                    {
                        "name": "Color",
                        "type": "nvarchar"
                    },
                    {
                        "name": "StandardCost",
                        "type": "money",
                        "precision": 19,
                        "scale": 4
                    },
                    {
                        "name": "ListPrice",
                        "type": "money",
                        "precision": 19,
                        "scale": 4
                    },
                    {
                        "name": "Size",
                        "type": "nvarchar"
                    },
                    {
                        "name": "Weight",
                        "type": "decimal",
                        "precision": 8,
                        "scale": 2
                    },
                    {
                        "name": "ProductCategoryID",
                        "type": "int",
                        "precision": 10
                    },
                    {
                        "name": "ProductModelID",
                        "type": "int",
                        "precision": 10
                    },
                    {
                        "name": "SellStartDate",
                        "type": "datetime",
                        "precision": 23,
                        "scale": 3
                    },
                    {
                        "name": "SellEndDate",
                        "type": "datetime",
                        "precision": 23,
                        "scale": 3
                    },
                    {
                        "name": "DiscontinuedDate",
                        "type": "datetime",
                        "precision": 23,
                        "scale": 3
                    },
                    {
                        "name": "ThumbNailPhoto",
                        "type": "varbinary"
                    },
                    {
                        "name": "ThumbnailPhotoFileName",
                        "type": "nvarchar"
                    },
                    {
                        "name": "rowguid",
                        "type": "uniqueidentifier"
                    },
                    {
                        "name": "ModifiedDate",
                        "type": "datetime",
                        "precision": 23,
                        "scale": 3
                    }
                ],
                "typeProperties": {
                    "schema": "SalesLT",
                    "table": "Customer"
                }
            },
            "dependsOn": []
        },
        {
            "name": "[concat(parameters('factoryName'), '/DS_src_copy_file')]",
            "type": "Microsoft.DataFactory/factories/datasets",
            "apiVersion": "2018-06-01",
            "properties": {
                "linkedServiceName": {
                    "referenceName": "ls_vvstorage01",
                    "type": "LinkedServiceReference"
                },
                "annotations": [],
                "type": "DelimitedText",
                "typeProperties": {
                    "location": {
                        "type": "AzureBlobStorageLocation",
                        "fileName": "empl.csv",
                        "container": "source"
                    },
                    "columnDelimiter": ",",
                    "escapeChar": "\\",
                    "firstRowAsHeader": true,
                    "quoteChar": "\""
                },
                "schema": [
                    {
                        "name": "name",
                        "type": "String"
                    },
                    {
                        "name": "surname",
                        "type": "String"
                    },
                    {
                        "name": "dob",
                        "type": "String"
                    },
                    {
                        "name": "gender",
                        "type": "String"
                    },
                    {
                        "name": "Salary",
                        "type": "String"
                    },
                    {
                        "name": "country",
                        "type": "String"
                    }
                ]
            },
            "dependsOn": []
        },
        {
            "name": "[concat(parameters('factoryName'), '/DS_switch_output_02')]",
            "type": "Microsoft.DataFactory/factories/datasets",
            "apiVersion": "2018-06-01",
            "properties": {
                "linkedServiceName": {
                    "referenceName": "ls_vvstorage01",
                    "type": "LinkedServiceReference"
                },
                "parameters": {
                    "containerName": {
                        "type": "string"
                    }
                },
                "annotations": [],
                "type": "DelimitedText",
                "typeProperties": {
                    "location": {
                        "type": "AzureBlobStorageLocation",
                        "container": {
                            "value": "@dataset().containerName",
                            "type": "Expression"
                        }
                    },
                    "columnDelimiter": ",",
                    "escapeChar": "\\",
                    "firstRowAsHeader": true,
                    "quoteChar": "\""
                },
                "schema": []
            },
            "dependsOn": []
        },
        {
            "name": "[concat(parameters('factoryName'), '/DS_switch_output_03')]",
            "type": "Microsoft.DataFactory/factories/datasets",
            "apiVersion": "2018-06-01",
            "properties": {
                "linkedServiceName": {
                    "referenceName": "ls_vvstorage01",
                    "type": "LinkedServiceReference"
                },
                "parameters": {
                    "containerName": {
                        "type": "string"
                    }
                },
                "annotations": [],
                "type": "DelimitedText",
                "typeProperties": {
                    "location": {
                        "type": "AzureBlobStorageLocation",
                        "container": {
                            "value": "@dataset().containerName",
                            "type": "Expression"
                        }
                    },
                    "columnDelimiter": ",",
                    "escapeChar": "\\",
                    "firstRowAsHeader": true,
                    "quoteChar": "\""
                },
                "schema": []
            },
            "dependsOn": []
        },
        {
            "name": "[concat(parameters('factoryName'), '/DS_switchoutput_01')]",
            "type": "Microsoft.DataFactory/factories/datasets",
            "apiVersion": "2018-06-01",
            "properties": {
                "linkedServiceName": {
                    "referenceName": "ls_vvstorage01",
                    "type": "LinkedServiceReference"
                },
                "parameters": {
                    "containerName": {
                        "type": "string"
                    }
                },
                "annotations": [],
                "type": "DelimitedText",
                "typeProperties": {
                    "location": {
                        "type": "AzureBlobStorageLocation",
                        "container": {
                            "value": "@dataset().containerName",
                            "type": "Expression"
                        }
                    },
                    "columnDelimiter": ",",
                    "escapeChar": "\\",
                    "firstRowAsHeader": true,
                    "quoteChar": "\""
                },
                "schema": []
            },
            "dependsOn": []
        },
        {
            "name": "[concat(parameters('factoryName'), '/Parquet1')]",
            "type": "Microsoft.DataFactory/factories/datasets",
            "apiVersion": "2018-06-01",
            "properties": {
                "linkedServiceName": {
                    "referenceName": "ls_vvstorage01",
                    "type": "LinkedServiceReference"
                },
                "annotations": [],
                "type": "Parquet",
                "typeProperties": {
                    "location": {
                        "type": "AzureBlobStorageLocation",
                        "container": "destination"
                    },
                    "compressionCodec": "snappy"
                },
                "schema": []
            },
            "dependsOn": []
        },
        {
            "name": "[concat(parameters('factoryName'), '/Src_Bolb_DS')]",
            "type": "Microsoft.DataFactory/factories/datasets",
            "apiVersion": "2018-06-01",
            "properties": {
                "linkedServiceName": {
                    "referenceName": "ls_vvstorage01",
                    "type": "LinkedServiceReference"
                },
                "parameters": {
                    "Filename_DS": {
                        "type": "string"
                    }
                },
                "annotations": [],
                "type": "DelimitedText",
                "typeProperties": {
                    "location": {
                        "type": "AzureBlobStorageLocation",
                        "fileName": {
                            "value": "@dataset().Filename_DS",
                            "type": "Expression"
                        },
                        "container": "source"
                    },
                    "columnDelimiter": ",",
                    "escapeChar": "\\",
                    "firstRowAsHeader": true,
                    "quoteChar": "\""
                },
                "schema": [
                    {
                        "name": "name",
                        "type": "String"
                    },
                    {
                        "name": "surname",
                        "type": "String"
                    },
                    {
                        "name": "dob",
                        "type": "String"
                    },
                    {
                        "name": "gender",
                        "type": "String"
                    },
                    {
                        "name": "Salary",
                        "type": "String"
                    },
                    {
                        "name": "country",
                        "type": "String"
                    }
                ]
            },
            "dependsOn": []
        },
        {
            "name": "[concat(parameters('factoryName'), '/empl')]",
            "type": "Microsoft.DataFactory/factories/datasets",
            "apiVersion": "2018-06-01",
            "properties": {
                "linkedServiceName": {
                    "referenceName": "ls_vvstorage01",
                    "type": "LinkedServiceReference"
                },
                "annotations": [],
                "type": "DelimitedText",
                "typeProperties": {
                    "location": {
                        "type": "AzureBlobStorageLocation",
                        "fileName": "empl.csv",
                        "container": "source"
                    },
                    "columnDelimiter": ",",
                    "escapeChar": "\\",
                    "firstRowAsHeader": true,
                    "quoteChar": "\""
                },
                "schema": [
                    {
                        "name": "name",
                        "type": "String"
                    },
                    {
                        "name": "surname",
                        "type": "String"
                    },
                    {
                        "name": "dob",
                        "type": "String"
                    },
                    {
                        "name": "gender",
                        "type": "String"
                    },
                    {
                        "name": "Salary",
                        "type": "String"
                    },
                    {
                        "name": "country",
                        "type": "String"
                    }
                ]
            },
            "dependsOn": []
        },
        {
            "name": "[concat(parameters('factoryName'), '/Copy_example_01')]",
            "type": "Microsoft.DataFactory/factories/pipelines",
            "apiVersion": "2018-06-01",
            "properties": {
                "description": "copy the file from source and put into the destination folder.",
                "activities": [
                    {
                        "name": "Copy_activity example_01",
                        "type": "Copy",
                        "dependsOn": [],
                        "policy": {
                            "timeout": "0.12:00:00",
                            "retry": 0,
                            "retryIntervalInSeconds": 30,
                            "secureOutput": false,
                            "secureInput": false
                        },
                        "userProperties": [],
                        "typeProperties": {
                            "source": {
                                "type": "DelimitedTextSource",
                                "storeSettings": {
                                    "type": "AzureBlobStorageReadSettings",
                                    "recursive": true,
                                    "enablePartitionDiscovery": false
                                },
                                "formatSettings": {
                                    "type": "DelimitedTextReadSettings"
                                }
                            },
                            "sink": {
                                "type": "DelimitedTextSink",
                                "storeSettings": {
                                    "type": "AzureBlobStorageWriteSettings"
                                },
                                "formatSettings": {
                                    "type": "DelimitedTextWriteSettings",
                                    "quoteAllText": true,
                                    "fileExtension": ".txt"
                                }
                            },
                            "enableStaging": false,
                            "translator": {
                                "type": "TabularTranslator",
                                "typeConversion": true,
                                "typeConversionSettings": {
                                    "allowDataTruncation": true,
                                    "treatBooleanAsNumber": false
                                }
                            }
                        },
                        "inputs": [
                            {
                                "referenceName": "DS_src_copy_file",
                                "type": "DatasetReference",
                                "parameters": {}
                            }
                        ],
                        "outputs": [
                            {
                                "referenceName": "DS_sink_storage",
                                "type": "DatasetReference",
                                "parameters": {}
                            }
                        ]
                    }
                ],
                "policy": {
                    "elapsedTimeMetric": {}
                },
                "folder": {
                    "name": "Initial Concept"
                },
                "annotations": [],
                "lastPublishTime": "2024-08-18T11:47:17Z"
            },
            "dependsOn": [
                "[concat(variables('factoryId'), '/datasets/DS_src_copy_file')]",
                "[concat(variables('factoryId'), '/datasets/DS_sink_storage')]"
            ]
        },
        {
            "name": "[concat(parameters('factoryName'), '/PL_Delete_Type01_example')]",
            "type": "Microsoft.DataFactory/factories/pipelines",
            "apiVersion": "2018-06-01",
            "properties": {
                "description": "File path type:  File path in dataset",
                "activities": [
                    {
                        "name": "Delete1",
                        "type": "Delete",
                        "dependsOn": [],
                        "policy": {
                            "timeout": "0.12:00:00",
                            "retry": 0,
                            "retryIntervalInSeconds": 30,
                            "secureOutput": false,
                            "secureInput": false
                        },
                        "userProperties": [],
                        "typeProperties": {
                            "dataset": {
                                "referenceName": "DS_Delete",
                                "type": "DatasetReference",
                                "parameters": {}
                            },
                            "logStorageSettings": {
                                "linkedServiceName": {
                                    "referenceName": "ls_vvstorage01",
                                    "type": "LinkedServiceReference"
                                },
                                "path": "logs"
                            },
                            "enableLogging": true,
                            "storeSettings": {
                                "type": "AzureBlobStorageReadSettings",
                                "recursive": true,
                                "enablePartitionDiscovery": false
                            }
                        }
                    }
                ],
                "policy": {
                    "elapsedTimeMetric": {}
                },
                "folder": {
                    "name": "Pipeline ACtivites"
                },
                "annotations": [],
                "lastPublishTime": "2024-08-18T11:47:17Z"
            },
            "dependsOn": []
        },
        {
            "name": "[concat(parameters('factoryName'), '/PL_Delete_Type02_example')]",
            "type": "Microsoft.DataFactory/factories/pipelines",
            "apiVersion": "2018-06-01",
            "properties": {
                "description": "File path type:  Wildcard file path",
                "activities": [
                    {
                        "name": "Delete1",
                        "type": "Delete",
                        "dependsOn": [],
                        "policy": {
                            "timeout": "0.12:00:00",
                            "retry": 0,
                            "retryIntervalInSeconds": 30,
                            "secureOutput": false,
                            "secureInput": false
                        },
                        "userProperties": [],
                        "typeProperties": {
                            "dataset": {
                                "referenceName": "DS_Delete",
                                "type": "DatasetReference",
                                "parameters": {}
                            },
                            "logStorageSettings": {
                                "linkedServiceName": {
                                    "referenceName": "ls_vvstorage01",
                                    "type": "LinkedServiceReference"
                                },
                                "path": "logs"
                            },
                            "enableLogging": true,
                            "storeSettings": {
                                "type": "AzureBlobStorageReadSettings",
                                "recursive": true,
                                "wildcardFileName": "*200*",
                                "enablePartitionDiscovery": false
                            }
                        }
                    }
                ],
                "policy": {
                    "elapsedTimeMetric": {}
                },
                "folder": {
                    "name": "Pipeline ACtivites"
                },
                "annotations": [],
                "lastPublishTime": "2024-08-18T11:47:17Z"
            },
            "dependsOn": []
        },
        {
            "name": "[concat(parameters('factoryName'), '/PL_Delete_Type03_example')]",
            "type": "Microsoft.DataFactory/factories/pipelines",
            "apiVersion": "2018-06-01",
            "properties": {
                "description": "File path type:  Prefix",
                "activities": [
                    {
                        "name": "Delete1",
                        "type": "Delete",
                        "dependsOn": [],
                        "policy": {
                            "timeout": "0.12:00:00",
                            "retry": 0,
                            "retryIntervalInSeconds": 30,
                            "secureOutput": false,
                            "secureInput": false
                        },
                        "userProperties": [],
                        "typeProperties": {
                            "dataset": {
                                "referenceName": "DS_Delete",
                                "type": "DatasetReference",
                                "parameters": {}
                            },
                            "logStorageSettings": {
                                "linkedServiceName": {
                                    "referenceName": "ls_vvstorage01",
                                    "type": "LinkedServiceReference"
                                },
                                "path": "logs"
                            },
                            "enableLogging": true,
                            "storeSettings": {
                                "type": "AzureBlobStorageReadSettings",
                                "recursive": true,
                                "enablePartitionDiscovery": false,
                                "prefix": "d"
                            }
                        }
                    }
                ],
                "policy": {
                    "elapsedTimeMetric": {}
                },
                "folder": {
                    "name": "Pipeline ACtivites"
                },
                "annotations": [],
                "lastPublishTime": "2024-08-18T11:47:17Z"
            },
            "dependsOn": []
        },
        {
            "name": "[concat(parameters('factoryName'), '/PL_Delete_Type04_example')]",
            "type": "Microsoft.DataFactory/factories/pipelines",
            "apiVersion": "2018-06-01",
            "properties": {
                "description": "File path type:  List of files",
                "activities": [
                    {
                        "name": "Delete1",
                        "type": "Delete",
                        "dependsOn": [],
                        "policy": {
                            "timeout": "0.12:00:00",
                            "retry": 0,
                            "retryIntervalInSeconds": 30,
                            "secureOutput": false,
                            "secureInput": false
                        },
                        "userProperties": [],
                        "typeProperties": {
                            "dataset": {
                                "referenceName": "DS_Delete",
                                "type": "DatasetReference",
                                "parameters": {}
                            },
                            "logStorageSettings": {
                                "linkedServiceName": {
                                    "referenceName": "ls_vvstorage01",
                                    "type": "LinkedServiceReference"
                                },
                                "path": "logs"
                            },
                            "enableLogging": true,
                            "storeSettings": {
                                "type": "AzureBlobStorageReadSettings",
                                "fileListPath": "delete/drug200.csv",
                                "enablePartitionDiscovery": false
                            }
                        }
                    }
                ],
                "policy": {
                    "elapsedTimeMetric": {}
                },
                "folder": {
                    "name": "Pipeline ACtivites"
                },
                "annotations": [],
                "lastPublishTime": "2024-08-18T11:47:17Z"
            },
            "dependsOn": []
        },
        {
            "name": "[concat(parameters('factoryName'), '/PL_Get_Metadata activity_example01')]",
            "type": "Microsoft.DataFactory/factories/pipelines",
            "apiVersion": "2018-06-01",
            "properties": {
                "description": "PL_Get_Metadata activity_example01 using child items arugument.",
                "activities": [
                    {
                        "name": "Get Metadata",
                        "type": "GetMetadata",
                        "dependsOn": [],
                        "policy": {
                            "timeout": "0.12:00:00",
                            "retry": 0,
                            "retryIntervalInSeconds": 30,
                            "secureOutput": false,
                            "secureInput": false
                        },
                        "userProperties": [],
                        "typeProperties": {
                            "dataset": {
                                "referenceName": "DS_source_file",
                                "type": "DatasetReference",
                                "parameters": {}
                            },
                            "fieldList": [
                                "childItems"
                            ],
                            "storeSettings": {
                                "type": "AzureBlobStorageReadSettings",
                                "recursive": true,
                                "enablePartitionDiscovery": false
                            },
                            "formatSettings": {
                                "type": "DelimitedTextReadSettings"
                            }
                        }
                    }
                ],
                "policy": {
                    "elapsedTimeMetric": {}
                },
                "folder": {
                    "name": "Pipeline ACtivites"
                },
                "annotations": [],
                "lastPublishTime": "2024-08-18T11:47:17Z"
            },
            "dependsOn": [
                "[concat(variables('factoryId'), '/datasets/DS_source_file')]"
            ]
        },
        {
            "name": "[concat(parameters('factoryName'), '/PL_Get_Metadata activity_example02')]",
            "type": "Microsoft.DataFactory/factories/pipelines",
            "apiVersion": "2018-06-01",
            "properties": {
                "description": "PL_Get_Metadata activity_example01 using last modified argument.",
                "activities": [
                    {
                        "name": "Get Metadata",
                        "type": "GetMetadata",
                        "dependsOn": [],
                        "policy": {
                            "timeout": "0.12:00:00",
                            "retry": 0,
                            "retryIntervalInSeconds": 30,
                            "secureOutput": false,
                            "secureInput": false
                        },
                        "userProperties": [],
                        "typeProperties": {
                            "dataset": {
                                "referenceName": "DS_source_file",
                                "type": "DatasetReference",
                                "parameters": {}
                            },
                            "fieldList": [
                                "lastModified"
                            ],
                            "storeSettings": {
                                "type": "AzureBlobStorageReadSettings",
                                "recursive": true,
                                "enablePartitionDiscovery": false
                            },
                            "formatSettings": {
                                "type": "DelimitedTextReadSettings"
                            }
                        }
                    }
                ],
                "policy": {
                    "elapsedTimeMetric": {}
                },
                "folder": {
                    "name": "Pipeline ACtivites"
                },
                "annotations": [],
                "lastPublishTime": "2024-08-18T11:47:17Z"
            },
            "dependsOn": [
                "[concat(variables('factoryId'), '/datasets/DS_source_file')]"
            ]
        },
        {
            "name": "[concat(parameters('factoryName'), '/PL_Get_Metadata activity_example03')]",
            "type": "Microsoft.DataFactory/factories/pipelines",
            "apiVersion": "2018-06-01",
            "properties": {
                "description": "PL_Get_Metadata activity_example01 using item type argument.",
                "activities": [
                    {
                        "name": "Get Metadata",
                        "type": "GetMetadata",
                        "dependsOn": [],
                        "policy": {
                            "timeout": "0.12:00:00",
                            "retry": 0,
                            "retryIntervalInSeconds": 30,
                            "secureOutput": false,
                            "secureInput": false
                        },
                        "userProperties": [],
                        "typeProperties": {
                            "dataset": {
                                "referenceName": "DS_src_copy_file",
                                "type": "DatasetReference",
                                "parameters": {}
                            },
                            "fieldList": [
                                "itemType"
                            ],
                            "storeSettings": {
                                "type": "AzureBlobStorageReadSettings",
                                "recursive": true,
                                "enablePartitionDiscovery": false
                            },
                            "formatSettings": {
                                "type": "DelimitedTextReadSettings"
                            }
                        }
                    }
                ],
                "policy": {
                    "elapsedTimeMetric": {}
                },
                "folder": {
                    "name": "Pipeline ACtivites"
                },
                "annotations": [],
                "lastPublishTime": "2024-08-18T11:47:17Z"
            },
            "dependsOn": [
                "[concat(variables('factoryId'), '/datasets/DS_src_copy_file')]"
            ]
        },
        {
            "name": "[concat(parameters('factoryName'), '/PL_Invoked')]",
            "type": "Microsoft.DataFactory/factories/pipelines",
            "apiVersion": "2018-06-01",
            "properties": {
                "description": "PL_Invoked",
                "activities": [
                    {
                        "name": "Lookup",
                        "type": "Lookup",
                        "dependsOn": [],
                        "policy": {
                            "timeout": "0.12:00:00",
                            "retry": 0,
                            "retryIntervalInSeconds": 30,
                            "secureOutput": false,
                            "secureInput": false
                        },
                        "userProperties": [],
                        "typeProperties": {
                            "source": {
                                "type": "DelimitedTextSource",
                                "storeSettings": {
                                    "type": "AzureBlobStorageReadSettings",
                                    "recursive": true,
                                    "enablePartitionDiscovery": false
                                },
                                "formatSettings": {
                                    "type": "DelimitedTextReadSettings"
                                }
                            },
                            "dataset": {
                                "referenceName": "DS_empl",
                                "type": "DatasetReference",
                                "parameters": {}
                            }
                        }
                    }
                ],
                "policy": {
                    "elapsedTimeMetric": {}
                },
                "annotations": [],
                "lastPublishTime": "2024-08-15T11:08:11Z"
            },
            "dependsOn": []
        }
    ]
}