{
    "$schema": "http://schema.management.azure.com/schemas/2015-01-01/deploymentTemplate.json#",
    "contentVersion": "1.0.0.0",
    "parameters": {
        "factoryName": {
            "type": "string",
            "metadata": "Data Factory name",
            "defaultValue": "adfstudylearning01"
        },
        "ls_SqlServer01_password": {
            "type": "secureString",
            "metadata": "Secure string for 'password' of 'ls_SqlServer01'"
        },
        "ls_vvstorage01_connectionString": {
            "type": "secureString",
            "metadata": "Secure string for 'connectionString' of 'ls_vvstorage01'"
        },
        "ls_SqlServer01_properties_typeProperties_server": {
            "type": "string",
            "defaultValue": "sqldatabasedemoserver01.database.windows.net"
        },
        "ls_SqlServer01_properties_typeProperties_database": {
            "type": "string",
            "defaultValue": "SampleDB"
        },
        "ls_SqlServer01_properties_typeProperties_userName": {
            "type": "string",
            "defaultValue": "Study_By_Varun"
        },
        "containerUri": {
            "type": "string",
            "metadata": "URI to storage account containing linked ARM templates"
        },
        "containerSasToken": {
            "type": "string",
            "metadata": "Sas token to storage account containing linked ARM templates"
        }
    },
    "variables": {
        "factoryId": "[concat('Microsoft.DataFactory/factories/', parameters('factoryName'))]"
    },
    "resources": [
        {
            "name": "adfstudylearning01_ArmTemplate_0",
            "type": "Microsoft.Resources/deployments",
            "apiVersion": "2018-02-01",
            "properties": {
                "mode": "incremental",
                "templateLink": {
                    "uri": "[concat(parameters('containerUri'), '/ArmTemplate_0.json', parameters('containerSasToken'))]",
                    "contentVersion": "1.0.0.0"
                },
                "parameters": {
                    "factoryName": {
                        "value": "[parameters('factoryName')]"
                    },
                    "ls_SqlServer01_password": {
                        "value": "[parameters('ls_SqlServer01_password')]"
                    },
                    "ls_vvstorage01_connectionString": {
                        "value": "[parameters('ls_vvstorage01_connectionString')]"
                    },
                    "ls_SqlServer01_properties_typeProperties_server": {
                        "value": "[parameters('ls_SqlServer01_properties_typeProperties_server')]"
                    },
                    "ls_SqlServer01_properties_typeProperties_database": {
                        "value": "[parameters('ls_SqlServer01_properties_typeProperties_database')]"
                    },
                    "ls_SqlServer01_properties_typeProperties_userName": {
                        "value": "[parameters('ls_SqlServer01_properties_typeProperties_userName')]"
                    }
                }
            },
            "dependsOn": []
        },
        {
            "name": "adfstudylearning01_ArmTemplate_1",
            "type": "Microsoft.Resources/deployments",
            "apiVersion": "2018-02-01",
            "properties": {
                "mode": "incremental",
                "templateLink": {
                    "uri": "[concat(parameters('containerUri'), '/ArmTemplate_1.json', parameters('containerSasToken'))]",
                    "contentVersion": "1.0.0.0"
                },
                "parameters": {
                    "factoryName": {
                        "value": "[parameters('factoryName')]"
                    }
                }
            },
            "dependsOn": [
                "[resourceId('Microsoft.Resources/deployments', 'adfstudylearning01_ArmTemplate_0')]"
            ]
        },
        {
            "name": "adfstudylearning01_ArmTemplate_2",
            "type": "Microsoft.Resources/deployments",
            "apiVersion": "2018-02-01",
            "properties": {
                "mode": "incremental",
                "templateLink": {
                    "uri": "[concat(parameters('containerUri'), '/ArmTemplate_2.json', parameters('containerSasToken'))]",
                    "contentVersion": "1.0.0.0"
                },
                "parameters": {
                    "factoryName": {
                        "value": "[parameters('factoryName')]"
                    }
                }
            },
            "dependsOn": [
                "[resourceId('Microsoft.Resources/deployments', 'adfstudylearning01_ArmTemplate_1')]"
            ]
        }
    ]
}