{
    "$schema": "http://schema.management.azure.com/schemas/2015-01-01/deploymentTemplate.json#",
    "contentVersion": "1.0.0.0",
    "parameters": {
        "factoryName": {
            "type": "string",
            "metadata": "Data Factory name",
            "defaultValue": "adfstudylearning01"
        }
    },
    "variables": {
        "factoryId": "[concat('Microsoft.DataFactory/factories/', parameters('factoryName'))]"
    },
    "resources": [
        {
            "name": "[concat(parameters('factoryName'), '/PL_Switch_Activity_example_01')]",
            "type": "Microsoft.DataFactory/factories/pipelines",
            "apiVersion": "2018-06-01",
            "properties": {
                "activities": [
                    {
                        "name": "Switch Activity",
                        "description": "Switch Activity To check the given container name then do the copy from src to given container name",
                        "type": "Switch",
                        "dependsOn": [],
                        "userProperties": [],
                        "typeProperties": {
                            "on": {
                                "value": "@pipeline().parameters.containerName",
                                "type": "Expression"
                            },
                            "cases": [
                                {
                                    "value": "output01",
                                    "activities": [
                                        {
                                            "name": "Output01_copy",
                                            "type": "Copy",
                                            "dependsOn": [],
                                            "policy": {
                                                "timeout": "0.12:00:00",
                                                "retry": 0,
                                                "retryIntervalInSeconds": 30,
                                                "secureOutput": false,
                                                "secureInput": false
                                            },
                                            "userProperties": [],
                                            "typeProperties": {
                                                "source": {
                                                    "type": "DelimitedTextSource",
                                                    "storeSettings": {
                                                        "type": "AzureBlobStorageReadSettings",
                                                        "recursive": true,
                                                        "enablePartitionDiscovery": false
                                                    },
                                                    "formatSettings": {
                                                        "type": "DelimitedTextReadSettings"
                                                    }
                                                },
                                                "sink": {
                                                    "type": "DelimitedTextSink",
                                                    "storeSettings": {
                                                        "type": "AzureBlobStorageWriteSettings"
                                                    },
                                                    "formatSettings": {
                                                        "type": "DelimitedTextWriteSettings",
                                                        "quoteAllText": true,
                                                        "fileExtension": ".txt"
                                                    }
                                                },
                                                "enableStaging": false,
                                                "translator": {
                                                    "type": "TabularTranslator",
                                                    "typeConversion": true,
                                                    "typeConversionSettings": {
                                                        "allowDataTruncation": true,
                                                        "treatBooleanAsNumber": false
                                                    }
                                                }
                                            },
                                            "inputs": [
                                                {
                                                    "referenceName": "DS_empl",
                                                    "type": "DatasetReference",
                                                    "parameters": {}
                                                }
                                            ],
                                            "outputs": [
                                                {
                                                    "referenceName": "DS_switchoutput_01",
                                                    "type": "DatasetReference",
                                                    "parameters": {
                                                        "containerName": {
                                                            "value": "@pipeline().parameters.containerName",
                                                            "type": "Expression"
                                                        }
                                                    }
                                                }
                                            ]
                                        }
                                    ]
                                },
                                {
                                    "value": "output02",
                                    "activities": [
                                        {
                                            "name": "Output02_copy",
                                            "type": "Copy",
                                            "dependsOn": [],
                                            "policy": {
                                                "timeout": "0.12:00:00",
                                                "retry": 0,
                                                "retryIntervalInSeconds": 30,
                                                "secureOutput": false,
                                                "secureInput": false
                                            },
                                            "userProperties": [],
                                            "typeProperties": {
                                                "source": {
                                                    "type": "DelimitedTextSource",
                                                    "storeSettings": {
                                                        "type": "AzureBlobStorageReadSettings",
                                                        "recursive": true,
                                                        "enablePartitionDiscovery": false
                                                    },
                                                    "formatSettings": {
                                                        "type": "DelimitedTextReadSettings"
                                                    }
                                                },
                                                "sink": {
                                                    "type": "DelimitedTextSink",
                                                    "storeSettings": {
                                                        "type": "AzureBlobStorageWriteSettings"
                                                    },
                                                    "formatSettings": {
                                                        "type": "DelimitedTextWriteSettings",
                                                        "quoteAllText": true,
                                                        "fileExtension": ".txt"
                                                    }
                                                },
                                                "enableStaging": false,
                                                "translator": {
                                                    "type": "TabularTranslator",
                                                    "typeConversion": true,
                                                    "typeConversionSettings": {
                                                        "allowDataTruncation": true,
                                                        "treatBooleanAsNumber": false
                                                    }
                                                }
                                            },
                                            "inputs": [
                                                {
                                                    "referenceName": "DS_empl",
                                                    "type": "DatasetReference",
                                                    "parameters": {}
                                                }
                                            ],
                                            "outputs": [
                                                {
                                                    "referenceName": "DS_switch_output_02",
                                                    "type": "DatasetReference",
                                                    "parameters": {
                                                        "containerName": {
                                                            "value": "@pipeline().parameters.containerName",
                                                            "type": "Expression"
                                                        }
                                                    }
                                                }
                                            ]
                                        }
                                    ]
                                },
                                {
                                    "value": "output03",
                                    "activities": [
                                        {
                                            "name": "Output03_copy",
                                            "type": "Copy",
                                            "dependsOn": [],
                                            "policy": {
                                                "timeout": "0.12:00:00",
                                                "retry": 0,
                                                "retryIntervalInSeconds": 30,
                                                "secureOutput": false,
                                                "secureInput": false
                                            },
                                            "userProperties": [],
                                            "typeProperties": {
                                                "source": {
                                                    "type": "DelimitedTextSource",
                                                    "storeSettings": {
                                                        "type": "AzureBlobStorageReadSettings",
                                                        "recursive": true,
                                                        "enablePartitionDiscovery": false
                                                    },
                                                    "formatSettings": {
                                                        "type": "DelimitedTextReadSettings"
                                                    }
                                                },
                                                "sink": {
                                                    "type": "DelimitedTextSink",
                                                    "storeSettings": {
                                                        "type": "AzureBlobStorageWriteSettings"
                                                    },
                                                    "formatSettings": {
                                                        "type": "DelimitedTextWriteSettings",
                                                        "quoteAllText": true,
                                                        "fileExtension": ".txt"
                                                    }
                                                },
                                                "enableStaging": false,
                                                "translator": {
                                                    "type": "TabularTranslator",
                                                    "typeConversion": true,
                                                    "typeConversionSettings": {
                                                        "allowDataTruncation": true,
                                                        "treatBooleanAsNumber": false
                                                    }
                                                }
                                            },
                                            "inputs": [
                                                {
                                                    "referenceName": "DS_empl",
                                                    "type": "DatasetReference",
                                                    "parameters": {}
                                                }
                                            ],
                                            "outputs": [
                                                {
                                                    "referenceName": "DS_switch_output_03",
                                                    "type": "DatasetReference",
                                                    "parameters": {
                                                        "containerName": {
                                                            "value": "@pipeline().parameters.containerName",
                                                            "type": "Expression"
                                                        }
                                                    }
                                                }
                                            ]
                                        }
                                    ]
                                }
                            ]
                        }
                    }
                ],
                "policy": {
                    "elapsedTimeMetric": {}
                },
                "parameters": {
                    "containerName": {
                        "type": "string"
                    }
                },
                "folder": {
                    "name": "Conditional and Loop Activities"
                },
                "annotations": [],
                "lastPublishTime": "2024-08-18T11:47:17Z"
            },
            "dependsOn": []
        },
        {
            "name": "[concat(parameters('factoryName'), '/PL_foreach_activity_example_01')]",
            "type": "Microsoft.DataFactory/factories/pipelines",
            "apiVersion": "2018-06-01",
            "properties": {
                "description": "Foreach example to load multiple files from source to destination",
                "activities": [
                    {
                        "name": "ForEach",
                        "description": "For each activity to copy files from source to destination where file names comes from the variable array",
                        "type": "ForEach",
                        "dependsOn": [],
                        "userProperties": [],
                        "typeProperties": {
                            "items": {
                                "value": "@variables('Filename')",
                                "type": "Expression"
                            },
                            "isSequential": true,
                            "activities": [
                                {
                                    "name": "Copy files from source to destination",
                                    "type": "Copy",
                                    "dependsOn": [],
                                    "policy": {
                                        "timeout": "0.12:00:00",
                                        "retry": 0,
                                        "retryIntervalInSeconds": 30,
                                        "secureOutput": false,
                                        "secureInput": false
                                    },
                                    "userProperties": [],
                                    "typeProperties": {
                                        "source": {
                                            "type": "DelimitedTextSource",
                                            "storeSettings": {
                                                "type": "AzureBlobStorageReadSettings",
                                                "recursive": true,
                                                "enablePartitionDiscovery": false
                                            },
                                            "formatSettings": {
                                                "type": "DelimitedTextReadSettings"
                                            }
                                        },
                                        "sink": {
                                            "type": "DelimitedTextSink",
                                            "storeSettings": {
                                                "type": "AzureBlobStorageWriteSettings"
                                            },
                                            "formatSettings": {
                                                "type": "DelimitedTextWriteSettings",
                                                "quoteAllText": true,
                                                "fileExtension": ".txt"
                                            }
                                        },
                                        "enableStaging": false,
                                        "translator": {
                                            "type": "TabularTranslator",
                                            "typeConversion": true,
                                            "typeConversionSettings": {
                                                "allowDataTruncation": true,
                                                "treatBooleanAsNumber": false
                                            }
                                        }
                                    },
                                    "inputs": [
                                        {
                                            "referenceName": "DS_Source",
                                            "type": "DatasetReference",
                                            "parameters": {
                                                "FileName": {
                                                    "value": "@item().FileName",
                                                    "type": "Expression"
                                                }
                                            }
                                        }
                                    ],
                                    "outputs": [
                                        {
                                            "referenceName": "DS_foreach",
                                            "type": "DatasetReference",
                                            "parameters": {
                                                "FileName": {
                                                    "value": "@item().Filename",
                                                    "type": "Expression"
                                                }
                                            }
                                        }
                                    ]
                                }
                            ]
                        }
                    }
                ],
                "policy": {
                    "elapsedTimeMetric": {}
                },
                "variables": {
                    "FileName": {
                        "type": "Array",
                        "defaultValue": [
                            {
                                "FileName": "empl.csv"
                            },
                            {
                                "FileName": "drug200.csv"
                            },
                            {
                                "FileName": "drug100.csv"
                            }
                        ]
                    }
                },
                "folder": {
                    "name": "Conditional and Loop Activities"
                },
                "annotations": [],
                "lastPublishTime": "2024-08-18T11:47:17Z"
            },
            "dependsOn": []
        },
        {
            "name": "[concat(parameters('factoryName'), '/PL_lookup_activity_example01')]",
            "type": "Microsoft.DataFactory/factories/pipelines",
            "apiVersion": "2018-06-01",
            "properties": {
                "description": "PL_lookup_activity_example01 for file",
                "activities": [
                    {
                        "name": "Lookup on file",
                        "type": "Lookup",
                        "dependsOn": [],
                        "policy": {
                            "timeout": "0.12:00:00",
                            "retry": 0,
                            "retryIntervalInSeconds": 30,
                            "secureOutput": false,
                            "secureInput": false
                        },
                        "userProperties": [],
                        "typeProperties": {
                            "source": {
                                "type": "DelimitedTextSource",
                                "storeSettings": {
                                    "type": "AzureBlobStorageReadSettings",
                                    "recursive": true,
                                    "enablePartitionDiscovery": false
                                },
                                "formatSettings": {
                                    "type": "DelimitedTextReadSettings"
                                }
                            },
                            "dataset": {
                                "referenceName": "DS_empl",
                                "type": "DatasetReference",
                                "parameters": {}
                            },
                            "firstRowOnly": false
                        }
                    }
                ],
                "policy": {
                    "elapsedTimeMetric": {}
                },
                "folder": {
                    "name": "Pipeline ACtivites"
                },
                "annotations": [],
                "lastPublishTime": "2024-08-18T11:47:17Z"
            },
            "dependsOn": []
        },
        {
            "name": "[concat(parameters('factoryName'), '/PL_lookup_activity_example02')]",
            "type": "Microsoft.DataFactory/factories/pipelines",
            "apiVersion": "2018-06-01",
            "properties": {
                "description": "PL_lookup_activity_example01 for sql server table",
                "activities": [
                    {
                        "name": "Lookup on db table",
                        "type": "Lookup",
                        "dependsOn": [],
                        "policy": {
                            "timeout": "0.12:00:00",
                            "retry": 0,
                            "retryIntervalInSeconds": 30,
                            "secureOutput": false,
                            "secureInput": false
                        },
                        "userProperties": [],
                        "typeProperties": {
                            "source": {
                                "type": "SqlServerSource",
                                "queryTimeout": "02:00:00",
                                "partitionOption": "None"
                            },
                            "dataset": {
                                "referenceName": "DS_sqlserver",
                                "type": "DatasetReference",
                                "parameters": {}
                            },
                            "firstRowOnly": true
                        }
                    },
                    {
                        "name": "Set variable1",
                        "type": "SetVariable",
                        "dependsOn": [
                            {
                                "activity": "Lookup on db table",
                                "dependencyConditions": [
                                    "Succeeded"
                                ]
                            }
                        ],
                        "policy": {
                            "secureOutput": false,
                            "secureInput": false
                        },
                        "userProperties": [],
                        "typeProperties": {
                            "variableName": "Name",
                            "value": {
                                "value": "@activity('Lookup on db table').output.firstRow[2].FirstName",
                                "type": "Expression"
                            }
                        }
                    }
                ],
                "policy": {
                    "elapsedTimeMetric": {}
                },
                "variables": {
                    "Name": {
                        "type": "String"
                    }
                },
                "folder": {
                    "name": "Pipeline ACtivites"
                },
                "annotations": [],
                "lastPublishTime": "2024-08-18T11:47:17Z"
            },
            "dependsOn": []
        },
        {
            "name": "[concat(parameters('factoryName'), '/Parameter_on_file_name')]",
            "type": "Microsoft.DataFactory/factories/pipelines",
            "apiVersion": "2018-06-01",
            "properties": {
                "activities": [
                    {
                        "name": "Copy file from src to sink",
                        "description": "Copy file from src to sink through parameter ",
                        "type": "Copy",
                        "dependsOn": [],
                        "policy": {
                            "timeout": "0.12:00:00",
                            "retry": 0,
                            "retryIntervalInSeconds": 30,
                            "secureOutput": false,
                            "secureInput": false
                        },
                        "userProperties": [],
                        "typeProperties": {
                            "source": {
                                "type": "DelimitedTextSource",
                                "storeSettings": {
                                    "type": "AzureBlobStorageReadSettings",
                                    "recursive": true,
                                    "enablePartitionDiscovery": false
                                },
                                "formatSettings": {
                                    "type": "DelimitedTextReadSettings"
                                }
                            },
                            "sink": {
                                "type": "DelimitedTextSink",
                                "storeSettings": {
                                    "type": "AzureBlobStorageWriteSettings",
                                    "copyBehavior": {
                                        "value": "@pipeline().parameters.Filename_PL",
                                        "type": "Expression"
                                    }
                                },
                                "formatSettings": {
                                    "type": "DelimitedTextWriteSettings",
                                    "quoteAllText": true,
                                    "fileExtension": ".txt"
                                }
                            },
                            "enableStaging": false,
                            "translator": {
                                "type": "TabularTranslator",
                                "typeConversion": true,
                                "typeConversionSettings": {
                                    "allowDataTruncation": true,
                                    "treatBooleanAsNumber": false
                                }
                            }
                        },
                        "inputs": [
                            {
                                "referenceName": "Src_Bolb_DS",
                                "type": "DatasetReference",
                                "parameters": {
                                    "Filename_DS": {
                                        "value": "@pipeline().parameters.Filename_PL",
                                        "type": "Expression"
                                    }
                                }
                            }
                        ],
                        "outputs": [
                            {
                                "referenceName": "DS_Sink",
                                "type": "DatasetReference",
                                "parameters": {}
                            }
                        ]
                    }
                ],
                "policy": {
                    "elapsedTimeMetric": {}
                },
                "parameters": {
                    "Filename_PL": {
                        "type": "string"
                    }
                },
                "folder": {
                    "name": "Initial Concept"
                },
                "annotations": [],
                "lastPublishTime": "2024-08-18T11:47:17Z"
            },
            "dependsOn": []
        },
        {
            "name": "[concat(parameters('factoryName'), '/Pl_Copyactivity_sqlserver_blobfile')]",
            "type": "Microsoft.DataFactory/factories/pipelines",
            "apiVersion": "2018-06-01",
            "properties": {
                "activities": [
                    {
                        "name": "Copy data",
                        "description": "Copy data from sql server database table into the blob storage parquet file",
                        "type": "Copy",
                        "dependsOn": [],
                        "policy": {
                            "timeout": "0.12:00:00",
                            "retry": 0,
                            "retryIntervalInSeconds": 30,
                            "secureOutput": false,
                            "secureInput": false
                        },
                        "userProperties": [],
                        "typeProperties": {
                            "source": {
                                "type": "SqlServerSource",
                                "queryTimeout": "02:00:00",
                                "partitionOption": "None"
                            },
                            "sink": {
                                "type": "ParquetSink",
                                "storeSettings": {
                                    "type": "AzureBlobStorageWriteSettings"
                                },
                                "formatSettings": {
                                    "type": "ParquetWriteSettings"
                                }
                            },
                            "enableStaging": false,
                            "translator": {
                                "type": "TabularTranslator",
                                "typeConversion": true,
                                "typeConversionSettings": {
                                    "allowDataTruncation": true,
                                    "treatBooleanAsNumber": false
                                }
                            }
                        },
                        "inputs": [
                            {
                                "referenceName": "DS_SqlServer_test_01",
                                "type": "DatasetReference",
                                "parameters": {}
                            }
                        ],
                        "outputs": [
                            {
                                "referenceName": "Parquet1",
                                "type": "DatasetReference",
                                "parameters": {}
                            }
                        ]
                    }
                ],
                "policy": {
                    "elapsedTimeMetric": {}
                },
                "folder": {
                    "name": "Pipeline ACtivites"
                },
                "annotations": [],
                "lastPublishTime": "2024-08-18T11:47:17Z"
            },
            "dependsOn": []
        },
        {
            "name": "[concat(parameters('factoryName'), '/DF_conditional_split_transformation')]",
            "type": "Microsoft.DataFactory/factories/dataflows",
            "apiVersion": "2018-06-01",
            "properties": {
                "folder": {
                    "name": "Data Flow Transformations"
                },
                "type": "MappingDataFlow",
                "typeProperties": {
                    "sources": [
                        {
                            "dataset": {
                                "referenceName": "DS_Source_Blob",
                                "type": "DatasetReference"
                            },
                            "name": "Source"
                        }
                    ],
                    "sinks": [
                        {
                            "dataset": {
                                "referenceName": "DS_Destination_Blob",
                                "type": "DatasetReference"
                            },
                            "name": "Destination01"
                        },
                        {
                            "dataset": {
                                "referenceName": "DS_Destination_Blob",
                                "type": "DatasetReference"
                            },
                            "name": "Destination02"
                        },
                        {
                            "dataset": {
                                "referenceName": "DS_Destination_Blob",
                                "type": "DatasetReference"
                            },
                            "name": "Destination03"
                        }
                    ],
                    "transformations": [
                        {
                            "name": "split1"
                        }
                    ],
                    "scriptLines": [
                        "source(output(",
                        "          emp_id as string,",
                        "          emp_name as string,",
                        "          emp_dept_name as string,",
                        "          emp_sal as string,",
                        "          emp_dept_no as integer,",
                        "          emp_country as string",
                        "     ),",
                        "     allowSchemaDrift: true,",
                        "     validateSchema: false,",
                        "     ignoreNoFilesFound: false) ~> Source",
                        "Source split(emp_dept_no==10,",
                        "     emp_dept_no==20,",
                        "     emp_dept_no==30,",
                        "     disjoint: false) ~> split1@(Dept10, Dept20, Dept30)",
                        "split1@Dept10 sink(allowSchemaDrift: true,",
                        "     validateSchema: false,",
                        "     input(",
                        "          CustomerID as integer,",
                        "          NameStyle as boolean,",
                        "          Title as string,",
                        "          FirstName as string,",
                        "          MiddleName as string,",
                        "          LastName as string,",
                        "          Suffix as string,",
                        "          CompanyName as string,",
                        "          SalesPerson as string,",
                        "          EmailAddress as string,",
                        "          Phone as string,",
                        "          PasswordHash as string,",
                        "          PasswordSalt as string,",
                        "          rowguid as string,",
                        "          ModifiedDate as timestamp",
                        "     ),",
                        "     format: 'parquet',",
                        "     partitionFileNames:['emp_dept10.csv'],",
                        "     skipDuplicateMapInputs: true,",
                        "     skipDuplicateMapOutputs: true,",
                        "     partitionBy('hash', 1)) ~> Destination01",
                        "split1@Dept20 sink(allowSchemaDrift: true,",
                        "     validateSchema: false,",
                        "     input(",
                        "          CustomerID as integer,",
                        "          NameStyle as boolean,",
                        "          Title as string,",
                        "          FirstName as string,",
                        "          MiddleName as string,",
                        "          LastName as string,",
                        "          Suffix as string,",
                        "          CompanyName as string,",
                        "          SalesPerson as string,",
                        "          EmailAddress as string,",
                        "          Phone as string,",
                        "          PasswordHash as string,",
                        "          PasswordSalt as string,",
                        "          rowguid as string,",
                        "          ModifiedDate as timestamp",
                        "     ),",
                        "     format: 'parquet',",
                        "     partitionFileNames:['emp_dept20.csv'],",
                        "     skipDuplicateMapInputs: true,",
                        "     skipDuplicateMapOutputs: true,",
                        "     partitionBy('hash', 1)) ~> Destination02",
                        "split1@Dept30 sink(allowSchemaDrift: true,",
                        "     validateSchema: false,",
                        "     input(",
                        "          CustomerID as integer,",
                        "          NameStyle as boolean,",
                        "          Title as string,",
                        "          FirstName as string,",
                        "          MiddleName as string,",
                        "          LastName as string,",
                        "          Suffix as string,",
                        "          CompanyName as string,",
                        "          SalesPerson as string,",
                        "          EmailAddress as string,",
                        "          Phone as string,",
                        "          PasswordHash as string,",
                        "          PasswordSalt as string,",
                        "          rowguid as string,",
                        "          ModifiedDate as timestamp",
                        "     ),",
                        "     format: 'parquet',",
                        "     partitionFileNames:['emp_dept30.csv'],",
                        "     skipDuplicateMapInputs: true,",
                        "     skipDuplicateMapOutputs: true,",
                        "     partitionBy('hash', 1)) ~> Destination03"
                    ]
                }
            },
            "dependsOn": []
        },
        {
            "name": "[concat(parameters('factoryName'), '/PL_Conditional_Split_Transformation_example')]",
            "type": "Microsoft.DataFactory/factories/pipelines",
            "apiVersion": "2018-06-01",
            "properties": {
                "description": "Read the data divide the data based on dept no and load the data into the destination folder through conditional split",
                "activities": [
                    {
                        "name": "Data flow1",
                        "type": "ExecuteDataFlow",
                        "dependsOn": [],
                        "policy": {
                            "timeout": "0.12:00:00",
                            "retry": 0,
                            "retryIntervalInSeconds": 30,
                            "secureOutput": false,
                            "secureInput": false
                        },
                        "userProperties": [],
                        "typeProperties": {
                            "dataflow": {
                                "referenceName": "DF_conditional_split_transformation",
                                "type": "DataFlowReference",
                                "parameters": {},
                                "datasetParameters": {
                                    "Source": {},
                                    "Destination01": {},
                                    "Destination02": {},
                                    "Destination03": {}
                                }
                            },
                            "staging": {},
                            "compute": {
                                "coreCount": 8,
                                "computeType": "General"
                            },
                            "traceLevel": "Fine"
                        }
                    }
                ],
                "policy": {
                    "elapsedTimeMetric": {}
                },
                "folder": {
                    "name": "Data Flow Transformations"
                },
                "annotations": [],
                "lastPublishTime": "2024-08-18T11:29:01Z"
            },
            "dependsOn": [
                "[concat(variables('factoryId'), '/dataflows/DF_conditional_split_transformation')]"
            ]
        },
        {
            "name": "[concat(parameters('factoryName'), '/PL_Master_Execution')]",
            "type": "Microsoft.DataFactory/factories/pipelines",
            "apiVersion": "2018-06-01",
            "properties": {
                "description": "master pipeline which calls the invoked pipeline or child pipeline",
                "activities": [
                    {
                        "name": "Execute Pipeline1",
                        "type": "ExecutePipeline",
                        "dependsOn": [],
                        "policy": {
                            "secureInput": false
                        },
                        "userProperties": [],
                        "typeProperties": {
                            "pipeline": {
                                "referenceName": "PL_Invoked",
                                "type": "PipelineReference"
                            },
                            "waitOnCompletion": true,
                            "parameters": {}
                        }
                    }
                ],
                "policy": {
                    "elapsedTimeMetric": {}
                },
                "annotations": [],
                "lastPublishTime": "2024-08-15T11:08:12Z"
            },
            "dependsOn": []
        }
    ]
}